151400FBS000003,NERO                                    
151400FBS000004,FOND                                    
151400FCR000005,NERO                                    
142400FCR000005,NERO                                    
151400FCR000007,NERO                                    
151400FCR000014,NERO                                    
151400FCR000010,NERO                                    
151400FPG000005,NERO                                    
151400FPH000002,NERO                                    
151400FPH000003,BLMAR                                   
151400NCX000015,NEBIS                                   
151400NCX000101,NERO                                    
151400NCX000118,NERO                                    
151400NCX000056,NEBIS                                   
151400NCX000116,MAGEL                                   
151400NCX000124,MEGOL                                   
151400LCX000025,NERO                                    
151400LCX000003,NERO                                    
151400LCX000009,NERO                                    
151400LCX000023,NERO                                    
151400ABS000048,NERO                                    
151400ABS000153,NERO                                    
151400ABS000072,OXBLU                                   
151400ABS000025,NERO                                    
151400ABS000026,OXBLU                                   
151400ABS000057,NEH90                                   
151400ABS000185,NERO                                    
151400ABS000180,SIENN                                   
151400ABS000188,NERO                                    
151400ABS000181,SIENN                                   
151400APG000013,NERO                                    
151400APG000018,NERO                                    
151400APG000004,ROSSO                                   
151400APG000077,ROSSO                                   
151400APG000100,NEBIS                                   
151400APG000016,ROSSO                                   
151400APG000053,OXBLU                                   
151400APG000014,OXBLU                                   
151400APG000019,OXBLU                                   
151400APG000001,NERO                                    
151400APG000010,NERO                                    
151400APG000055,MACAR                                   
151400APG000017,MACAR                                   
